<?xml version="1.0" encoding="utf-8"?>
<!--/1698544/1337878/2.50/8/2/Integrated Circuit/-->
<quadcept_library>
  <setting unit="mil" />
  <textstyle name="Default" height="47.244094488189" strokewidth="7.8740157480315" charwidth="47.244094488189" />
  <textstyle name="Dimension" height="19.6850393700787" strokewidth="0" charwidth="19.6850393700787" />
  <textstyle name="H127W0635TH00762" height="50" strokewidth="3" charwidth="25" />
  <textstyle name="H15W15TH02" height="59.0551181102362" strokewidth="7.8740157480315" charwidth="59.0551181102362" />
  <padstyle name="c110.8_h70.8" surface="False" plated="True" isvia="False" nopaste="True" nomask="True" complex="False" holesize="27.874015748031">
    <padshape layer="TOP" shape="round" width="43.622047244094" height="43.622047244094" />
    <padshape layer="TOP_SOLDER_MASK" shape="round" width="51.496062992125" height="51.496062992125" />
    <padshape layer="INNER" shape="round" width="43.622047244094" height="43.622047244094" />
    <padshape layer="BOTTOM" shape="round" width="43.622047244094" height="43.622047244094" />
    <padshape layer="BOTTOM_SOLDER_MASK" shape="round" width="51.496062992125" height="51.496062992125" />
  </padstyle>
  <padstyle name="s110.8_h70.8" surface="False" plated="True" isvia="False" nopaste="True" nomask="True" complex="False" holesize="27.874015748031">
    <padshape layer="TOP" shape="square" width="43.622047244094" height="43.622047244094" />
    <padshape layer="TOP_SOLDER_MASK" shape="square" width="51.496062992125" height="51.496062992125" />
    <padshape layer="INNER" shape="round" width="43.622047244094" height="43.622047244094" />
    <padshape layer="BOTTOM" shape="square" width="43.622047244094" height="43.622047244094" />
    <padshape layer="BOTTOM_SOLDER_MASK" shape="square" width="51.496062992125" height="51.496062992125" />
  </padstyle>
  <footprint name="DIP762W51P254L952H533Q8N" originx="0" originy="0" pickpointx="0" pickpointy="0">
    <pcbpin number="1" name="1" style="s110.8_h70.8" originx="-150" originy="150" rotation="90" />
    <pcbpin number="2" name="2" style="c110.8_h70.8" originx="-150" originy="49.999999999999" rotation="90" />
    <pcbpin number="3" name="3" style="c110.8_h70.8" originx="-150" originy="-49.999999999999" rotation="90" />
    <pcbpin number="4" name="4" style="c110.8_h70.8" originx="-150" originy="-150" rotation="90" />
    <pcbpin number="5" name="5" style="c110.8_h70.8" originx="150" originy="-150" rotation="90" />
    <pcbpin number="6" name="6" style="c110.8_h70.8" originx="150" originy="-49.999999999999" rotation="90" />
    <pcbpin number="7" name="7" style="c110.8_h70.8" originx="150" originy="49.999999999999" rotation="90" />
    <pcbpin number="8" name="8" style="c110.8_h70.8" originx="150" originy="150" rotation="90" />
    <line layer="TOP_PLACE_BOUND" originx="-181.65354330708" originy="202.36220472441" endx="181.65354330708" endy="202.36220472441" width="1.9685039370079" />
    <line layer="TOP_PLACE_BOUND" originx="181.65354330708" originy="202.36220472441" endx="181.65354330708" endy="-202.36220472441" width="1.9685039370079" />
    <line layer="TOP_PLACE_BOUND" originx="181.65354330708" originy="-202.36220472441" endx="-181.65354330708" endy="-202.36220472441" width="1.9685039370079" />
    <line layer="TOP_PLACE_BOUND" originx="-181.65354330708" originy="-202.36220472441" endx="-181.65354330708" endy="202.36220472441" width="1.9685039370079" />
    <line layer="TOP_ASSEMBLY" originx="-127.48031496063" originy="192.51968503937" endx="127.48031496063" endy="192.51968503937" width="3.9370078740157" />
    <line layer="TOP_ASSEMBLY" originx="127.48031496063" originy="192.51968503937" endx="127.48031496063" endy="-192.51968503937" width="3.9370078740157" />
    <line layer="TOP_ASSEMBLY" originx="127.48031496063" originy="-192.51968503937" endx="-127.48031496063" endy="-192.51968503937" width="3.9370078740157" />
    <line layer="TOP_ASSEMBLY" originx="-127.48031496063" originy="-192.51968503937" endx="-127.48031496063" endy="192.51968503937" width="3.9370078740157" />
    <line layer="TOP_ASSEMBLY" originx="-127.48031496063" originy="142.51968503937" endx="-77.480314960629" endy="192.51968503937" width="3.9370078740157" />
    <line layer="TOP_SILKSCREEN" originx="-171.81102362205" originy="192.51968503937" endx="127.48031496063" endy="192.51968503937" width="7.8740157480314" />
    <line layer="TOP_SILKSCREEN" originx="-127.48031496063" originy="-192.51968503937" endx="127.48031496063" endy="-192.51968503937" width="7.8740157480314" />
  </footprint>
  <symbol name="EL7104CNZ" originx="0" originy="0">
    <line originx="200" originy="100" endx="1000" endy="100" width="0" />
    <line originx="1000" originy="-400" endx="1000" endy="100" width="0" />
    <line originx="1000" originy="-400" endx="200" endy="-400" width="0" />
    <line originx="200" originy="100" endx="200" endy="-400" width="0" />
    <sympin number="1" originx="200" originy="0" rotation="180" length="100" width="7.8740157480315" flipped="False">
      <text name="pinname" originx="230" originy="0" style="Default" rotation="0" justify="left" flipped="False" hidden="False" data="V+_1" />
      <text name="pindes" originx="140" originy="20" style="Default" rotation="0" justify="lowerright" flipped="False" hidden="False" data="1" />
    </sympin>
    <sympin number="2" originx="200" originy="-100" rotation="180" length="100" width="7.8740157480315" flipped="False">
      <text name="pinname" originx="230" originy="-100" style="Default" rotation="0" justify="left" flipped="False" hidden="False" data="IN" />
      <text name="pindes" originx="140" originy="-80" style="Default" rotation="0" justify="lowerright" flipped="False" hidden="False" data="2" />
    </sympin>
    <sympin number="3" originx="200" originy="-200" rotation="180" length="100" width="7.8740157480315" flipped="False">
      <text name="pinname" originx="230" originy="-200" style="Default" rotation="0" justify="left" flipped="False" hidden="False" data="NC" />
      <text name="pindes" originx="140" originy="-180" style="Default" rotation="0" justify="lowerright" flipped="False" hidden="False" data="3" />
    </sympin>
    <sympin number="4" originx="200" originy="-300" rotation="180" length="100" width="7.8740157480315" flipped="False">
      <text name="pinname" originx="230" originy="-300" style="Default" rotation="0" justify="left" flipped="False" hidden="False" data="GND_1" />
      <text name="pindes" originx="140" originy="-280" style="Default" rotation="0" justify="lowerright" flipped="False" hidden="False" data="4" />
    </sympin>
    <sympin number="8" originx="1000" originy="0" rotation="0" length="100" width="7.8740157480315" flipped="False">
      <text name="pinname" originx="970" originy="0" style="Default" rotation="0" justify="right" flipped="False" hidden="False" data="V+_2" />
      <text name="pindes" originx="1060" originy="20" style="Default" rotation="0" justify="lowerleft" flipped="False" hidden="False" data="8" />
    </sympin>
    <sympin number="7" originx="1000" originy="-100" rotation="0" length="100" width="7.8740157480315" flipped="False">
      <text name="pinname" originx="970" originy="-100" style="Default" rotation="0" justify="right" flipped="False" hidden="False" data="P_OUT" />
      <text name="pindes" originx="1060" originy="-80" style="Default" rotation="0" justify="lowerleft" flipped="False" hidden="False" data="7" />
    </sympin>
    <sympin number="6" originx="1000" originy="-200" rotation="0" length="100" width="7.8740157480315" flipped="False">
      <text name="pinname" originx="970" originy="-200" style="Default" rotation="0" justify="right" flipped="False" hidden="False" data="N_OUT" />
      <text name="pindes" originx="1060" originy="-180" style="Default" rotation="0" justify="lowerleft" flipped="False" hidden="False" data="6" />
    </sympin>
    <sympin number="5" originx="1000" originy="-300" rotation="0" length="100" width="7.8740157480315" flipped="False">
      <text name="pinname" originx="970" originy="-300" style="Default" rotation="0" justify="right" flipped="False" hidden="False" data="GND_2" />
      <text name="pindes" originx="1060" originy="-280" style="Default" rotation="0" justify="lowerleft" flipped="False" hidden="False" data="5" />
    </sympin>
  </symbol>
  <component name="EL7104CNZ" designatorprefix="IC" height="210" footprint="DIP762W51P254L952H533Q8N">
    <comppin designator="1" sympin="1" pinswap="0" gateswap="0" gate="1" group="1" side="" type="Any" name="V+_1" />
    <comppin designator="2" sympin="2" pinswap="0" gateswap="0" gate="1" group="1" side="" type="Any" name="IN" />
    <comppin designator="3" sympin="3" pinswap="0" gateswap="0" gate="1" group="1" side="" type="Any" name="NC" />
    <comppin designator="4" sympin="4" pinswap="0" gateswap="0" gate="1" group="1" side="" type="Any" name="GND_1" />
    <comppin designator="5" sympin="5" pinswap="0" gateswap="0" gate="1" group="1" side="" type="Any" name="GND_2" />
    <comppin designator="6" sympin="6" pinswap="0" gateswap="0" gate="1" group="1" side="" type="Any" name="N_OUT" />
    <comppin designator="7" sympin="7" pinswap="0" gateswap="0" gate="1" group="1" side="" type="Any" name="P_OUT" />
    <comppin designator="8" sympin="8" pinswap="0" gateswap="0" gate="1" group="1" side="" type="Any" name="V+_2" />
    <attached_symbol gate="1" name="EL7104CNZ" />
    <pinmap designator="1" footprintpin="1" />
    <pinmap designator="2" footprintpin="2" />
    <pinmap designator="3" footprintpin="3" />
    <pinmap designator="4" footprintpin="4" />
    <pinmap designator="5" footprintpin="5" />
    <pinmap designator="6" footprintpin="6" />
    <pinmap designator="7" footprintpin="7" />
    <pinmap designator="8" footprintpin="8" />
    <text name="Datasheet" originx="0" originy="0" style="Default" rotation="0" justify="" flipped="False" hidden="True" data="https://www.renesas.com/en-us/www/doc/datasheet/el7104.pdf" />
    <text name="Description" originx="0" originy="0" style="Default" rotation="0" justify="" flipped="False" hidden="True" data="The EL7104 is a matched driver IC that improves the operation of the industry-standard TC-4420/29 clock drivers. The Elantec version is a very High-Speed driver capable of delivering peak currents of 1A into highly capacitive loads. The High-Speed performance is achieved by means of a proprietary Turbo-Driver circuit that speeds up input stages by tapping the wider voltage swing at the output. Improved speed and drive capability are enhanced by matched rise and fall delay times. These matched delays maintai" />
    <text name="Farnell Part Number" originx="0" originy="0" style="Default" rotation="0" justify="" flipped="False" hidden="True" data="" />
    <text name="Farnell Price/Stock" originx="0" originy="0" style="Default" rotation="0" justify="" flipped="False" hidden="True" data="" />
    <text name="Manufacturer_Name" originx="0" originy="0" style="Default" rotation="0" justify="" flipped="False" hidden="True" data="Renesas Electronics" />
    <text name="Manufacturer_Part_Number" originx="1050" originy="200" style="Default" rotation="0" justify="left" flipped="False" hidden="False" data="EL7104CNZ" />
  </component>
</quadcept_library>
