<?xml version="1.0" encoding="utf-8"?>
<!--/404096/1337878/2.50/2/0/LED/-->
<quadcept_library>
  <setting unit="mil" />
  <textstyle name="Default" height="47.244094488189" strokewidth="7.8740157480315" charwidth="47.244094488189" />
  <textstyle name="Dimension" height="19.6850393700787" strokewidth="0" charwidth="19.6850393700787" />
  <textstyle name="H127W0635TH00762" height="50" strokewidth="3" charwidth="25" />
  <textstyle name="H15W15TH02" height="59.0551181102362" strokewidth="7.8740157480315" charwidth="59.0551181102362" />
  <padstyle name="c141.6_h85" surface="False" plated="True" isvia="False" nopaste="True" nomask="True" complex="False" holesize="33.464566929133">
    <padshape layer="TOP" shape="round" width="55.748031496062" height="55.748031496062" />
    <padshape layer="TOP_SOLDER_MASK" shape="round" width="63.622047244094" height="63.622047244094" />
    <padshape layer="INNER" shape="round" width="55.748031496062" height="55.748031496062" />
    <padshape layer="BOTTOM" shape="round" width="55.748031496062" height="55.748031496062" />
    <padshape layer="BOTTOM_SOLDER_MASK" shape="round" width="63.622047244094" height="63.622047244094" />
  </padstyle>
  <footprint name="TLUR5400" originx="0" originy="0" pickpointx="0" pickpointy="0">
    <pcbpin number="1" name="1" style="c141.6_h85" originx="0" originy="0" rotation="90" />
    <pcbpin number="2" name="2" style="c141.6_h85" originx="99.999999999999" originy="0" rotation="90" />
    <line layer="TOP_PLACE_BOUND" originx="-103.54330708661" originy="153.54330708661" endx="203.54330708661" endy="153.54330708661" width="3.9370078740157" />
    <line layer="TOP_PLACE_BOUND" originx="203.54330708661" originy="153.54330708661" endx="203.54330708661" endy="-153.54330708661" width="3.9370078740157" />
    <line layer="TOP_PLACE_BOUND" originx="203.54330708661" originy="-153.54330708661" endx="-103.54330708661" endy="-153.54330708661" width="3.9370078740157" />
    <line layer="TOP_PLACE_BOUND" originx="-103.54330708661" originy="-153.54330708661" endx="-103.54330708661" endy="153.54330708661" width="3.9370078740157" />
    <line layer="TOP_ASSEMBLY" originx="-64.173228346456" originy="0" endx="-64.173228346456" endy="0" width="7.8740157480314" />
    <arc layer="TOP_ASSEMBLY" originx="49.999999999999" originy="0" startangle="-180.0" sweepangle="180.0" radius="114.17322834646" width="7.8740157480314" />
    <line layer="TOP_ASSEMBLY" originx="164.17322834645" originy="0" endx="164.17322834645" endy="0" width="7.8740157480314" />
    <arc layer="TOP_ASSEMBLY" originx="49.999999999999" originy="0" startangle=".0" sweepangle="180.0" radius="114.17322834646" width="7.8740157480314" />
    <line layer="TOP_SILKSCREEN" originx="-64.173228346456" originy="0" endx="-64.173228346456" endy="0" width="3.9370078740157" />
    <arc layer="TOP_SILKSCREEN" originx="49.999999999999" originy="0" startangle="-180.0" sweepangle="180.0" radius="114.17322834646" width="3.9370078740157" />
    <line layer="TOP_SILKSCREEN" originx="164.17322834645" originy="0" endx="164.17322834645" endy="0" width="3.9370078740157" />
    <arc layer="TOP_SILKSCREEN" originx="49.999999999999" originy="0" startangle=".0" sweepangle="180.0" radius="114.17322834646" width="3.9370078740157" />
  </footprint>
  <symbol name="TLUR5400" originx="0" originy="0">
    <line originx="200" originy="100" endx="200" endy="-100" width="0" />
    <line originx="250" originy="100" endx="150" endy="200" width="0" />
    <line originx="350" originy="100" endx="250" endy="200" width="0" />
    <line originx="100" originy="0" endx="200" endy="0" width="0" />
    <line originx="400" originy="0" endx="500" endy="0" width="0" />
    <sympin number="2" originx="100" originy="0" rotation="180" length="100" width="7.8740157480315" flipped="False">
      <text name="pinname" originx="10" originy="-10" style="Default" rotation="0" justify="upperleft" flipped="False" hidden="True" data="K" />
      <text name="pindes" originx="60" originy="10" style="Default" rotation="0" justify="lowerright" flipped="False" hidden="False" data="2" />
    </sympin>
    <sympin number="1" originx="500" originy="0" rotation="0" length="100" width="7.8740157480315" flipped="False">
      <text name="pinname" originx="590" originy="-10" style="Default" rotation="0" justify="upperright" flipped="False" hidden="True" data="A" />
      <text name="pindes" originx="540" originy="10" style="Default" rotation="0" justify="lowerleft" flipped="False" hidden="False" data="1" />
    </sympin>
    <polygon type="polygon">
      <point x="200" y="0" />
      <point x="400" y="100" />
      <point x="400" y="-100" />
    </polygon>
    <polygon type="polygon">
      <point x="210" y="170" />
      <point x="180" y="140" />
      <point x="150" y="200" />
    </polygon>
    <polygon type="polygon">
      <point x="310" y="170" />
      <point x="280" y="140" />
      <point x="250" y="200" />
    </polygon>
  </symbol>
  <component name="TLUR5400" designatorprefix="LED" height="503.93700787401" footprint="TLUR5400">
    <comppin designator="1" sympin="1" pinswap="0" gateswap="0" gate="1" group="1" side="" type="Any" name="A" />
    <comppin designator="2" sympin="2" pinswap="0" gateswap="0" gate="1" group="1" side="" type="Any" name="K" />
    <attached_symbol gate="1" name="TLUR5400" />
    <pinmap designator="1" footprintpin="1" />
    <pinmap designator="2" footprintpin="2" />
    <text name="Datasheet" originx="0" originy="0" style="Default" rotation="0" justify="" flipped="False" hidden="True" data="https://g.componentsearchengine.com/Datasheets/1/TLUR5400.pdf" />
    <text name="Description" originx="0" originy="0" style="Default" rotation="0" justify="" flipped="False" hidden="True" data="Vishay TLUR5400 Red LED, 630 nm, 5mm (T-1 3/4), Round Lens Through Hole Package" />
    <text name="Farnell Part Number" originx="0" originy="0" style="Default" rotation="0" justify="" flipped="False" hidden="True" data="" />
    <text name="Farnell Price/Stock" originx="0" originy="0" style="Default" rotation="0" justify="" flipped="False" hidden="True" data="" />
    <text name="Manufacturer_Name" originx="0" originy="0" style="Default" rotation="0" justify="" flipped="False" hidden="True" data="Vishay" />
    <text name="Manufacturer_Part_Number" originx="500" originy="250" style="Default" rotation="0" justify="lowerleft" flipped="False" hidden="False" data="TLUR5400" />
  </component>
</quadcept_library>
