<?xml version="1.0" encoding="utf-8"?>
<!--/11352398/1337878/2.50/2/2/Schottky Diode/-->
<quadcept_library>
  <setting unit="mil" />
  <textstyle name="Default" height="47.244094488189" strokewidth="7.8740157480315" charwidth="47.244094488189" />
  <textstyle name="Dimension" height="19.6850393700787" strokewidth="0" charwidth="19.6850393700787" />
  <textstyle name="H127W0635TH00762" height="50" strokewidth="3" charwidth="25" />
  <textstyle name="H15W15TH02" height="59.0551181102362" strokewidth="7.8740157480315" charwidth="59.0551181102362" />
  <padstyle name="c217.5_h145" surface="False" plated="True" isvia="False" nopaste="True" nomask="True" complex="False" holesize="57.086614173228">
    <padshape layer="TOP" shape="round" width="85.629921259841" height="85.629921259841" />
    <padshape layer="TOP_SOLDER_MASK" shape="round" width="93.503937007873" height="93.503937007873" />
    <padshape layer="INNER" shape="round" width="85.629921259841" height="85.629921259841" />
    <padshape layer="BOTTOM" shape="round" width="85.629921259841" height="85.629921259841" />
    <padshape layer="BOTTOM_SOLDER_MASK" shape="round" width="93.503937007873" height="93.503937007873" />
  </padstyle>
  <padstyle name="s217.5_h145" surface="False" plated="True" isvia="False" nopaste="True" nomask="True" complex="False" holesize="57.086614173228">
    <padshape layer="TOP" shape="square" width="85.629921259841" height="85.629921259841" />
    <padshape layer="TOP_SOLDER_MASK" shape="square" width="93.503937007873" height="93.503937007873" />
    <padshape layer="INNER" shape="round" width="85.629921259841" height="85.629921259841" />
    <padshape layer="BOTTOM" shape="square" width="85.629921259841" height="85.629921259841" />
    <padshape layer="BOTTOM_SOLDER_MASK" shape="square" width="93.503937007873" height="93.503937007873" />
  </padstyle>
  <footprint name="TO490P480X1000X2110-2P" originx="0" originy="0" pickpointx="0" pickpointy="0">
    <pcbpin number="1" name="1" style="s217.5_h145" originx="0" originy="0" rotation="90" />
    <pcbpin number="2" name="2" style="c217.5_h145" originx="192.91338582677" originy="0" rotation="90" />
    <line layer="TOP_PLACE_BOUND" originx="-120.07874015748" originy="135.82677165354" endx="312.99212598425" endy="135.82677165354" width="1.9685039370079" />
    <line layer="TOP_PLACE_BOUND" originx="312.99212598425" originy="135.82677165354" endx="312.99212598425" endy="-72.83464566929" width="1.9685039370079" />
    <line layer="TOP_PLACE_BOUND" originx="312.99212598425" originy="-72.83464566929" endx="-120.07874015748" endy="-72.83464566929" width="1.9685039370079" />
    <line layer="TOP_PLACE_BOUND" originx="-120.07874015748" originy="-72.83464566929" endx="-120.07874015748" endy="135.82677165354" width="1.9685039370079" />
    <line layer="TOP_ASSEMBLY" originx="-110.23622047244" originy="125.9842519685" endx="303.14960629921" endy="125.9842519685" width="3.9370078740157" />
    <line layer="TOP_ASSEMBLY" originx="303.14960629921" originy="125.9842519685" endx="303.14960629921" endy="-62.992125984251" width="3.9370078740157" />
    <line layer="TOP_ASSEMBLY" originx="303.14960629921" originy="-62.992125984251" endx="-110.23622047244" endy="-62.992125984251" width="3.9370078740157" />
    <line layer="TOP_ASSEMBLY" originx="-110.23622047244" originy="-62.992125984251" endx="-110.23622047244" endy="125.9842519685" width="3.9370078740157" />
    <line layer="TOP_ASSEMBLY" originx="-110.23622047244" originy="29.527559055118" endx="-13.779527559055" endy="125.9842519685" width="3.9370078740157" />
    <line layer="TOP_SILKSCREEN" originx="303.14960629921" originy="-62.992125984251" endx="303.14960629921" endy="125.9842519685" width="7.8740157480314" />
    <line layer="TOP_SILKSCREEN" originx="303.14960629921" originy="125.9842519685" endx="-110.23622047244" endy="125.9842519685" width="7.8740157480314" />
    <line layer="TOP_SILKSCREEN" originx="-110.23622047244" originy="125.9842519685" endx="-110.23622047244" endy="0" width="7.8740157480314" />
  </footprint>
  <symbol name="MBR10100+" originx="0" originy="0">
    <line originx="300" originy="100" endx="300" endy="-100" width="0" />
    <line originx="300" originy="100" endx="340" endy="100" width="0" />
    <line originx="340" originy="60" endx="340" endy="100" width="0" />
    <line originx="300" originy="-100" endx="260" endy="-100" width="0" />
    <line originx="260" originy="-60" endx="260" endy="-100" width="0" />
    <line originx="200" originy="0" endx="300" endy="0" width="0" />
    <line originx="500" originy="0" endx="600" endy="0" width="0" />
    <sympin number="1" originx="200" originy="0" rotation="180" length="100" width="7.8740157480315" flipped="False">
      <text name="pinname" originx="240" originy="10" style="Default" rotation="0" justify="left" flipped="False" hidden="True" data="K" />
      <text name="pindes" originx="160" originy="10" style="Default" rotation="0" justify="lowerright" flipped="False" hidden="False" data="1" />
    </sympin>
    <sympin number="2" originx="600" originy="0" rotation="0" length="100" width="7.8740157480315" flipped="False">
      <text name="pinname" originx="560" originy="10" style="Default" rotation="0" justify="right" flipped="False" hidden="True" data="A" />
      <text name="pindes" originx="640" originy="10" style="Default" rotation="0" justify="lowerleft" flipped="False" hidden="False" data="2" />
    </sympin>
    <polygon type="polygon">
      <point x="300" y="0" />
      <point x="500" y="100" />
      <point x="500" y="-100" />
    </polygon>
  </symbol>
  <component name="MBR10100+" designatorprefix="D" height="188.97637795275" footprint="TO490P480X1000X2110-2P">
    <comppin designator="1" sympin="1" pinswap="0" gateswap="0" gate="1" group="1" side="" type="Any" name="K" />
    <comppin designator="2" sympin="2" pinswap="0" gateswap="0" gate="1" group="1" side="" type="Any" name="A" />
    <attached_symbol gate="1" name="MBR10100+" />
    <pinmap designator="1" footprintpin="1" />
    <pinmap designator="2" footprintpin="2" />
    <text name="Datasheet" originx="0" originy="0" style="Default" rotation="0" justify="" flipped="False" hidden="True" data="" />
    <text name="Description" originx="0" originy="0" style="Default" rotation="0" justify="" flipped="False" hidden="True" data="SCHOTTKY RECTIFIER, 10A, 100V, TO-220AC" />
    <text name="Farnell Part Number" originx="0" originy="0" style="Default" rotation="0" justify="" flipped="False" hidden="True" data="" />
    <text name="Farnell Price/Stock" originx="0" originy="0" style="Default" rotation="0" justify="" flipped="False" hidden="True" data="" />
    <text name="Manufacturer_Name" originx="0" originy="0" style="Default" rotation="0" justify="" flipped="False" hidden="True" data="Multicomp Pro" />
    <text name="Manufacturer_Part_Number" originx="500" originy="250" style="Default" rotation="0" justify="left" flipped="False" hidden="False" data="MBR10100+" />
  </component>
</quadcept_library>
