<?xml version="1.0" encoding="utf-8"?>
<!--/11310910/1337878/2.50/2/4/Undefined or Miscellaneous/-->
<quadcept_library>
  <setting unit="mil" />
  <textstyle name="Default" height="47.244094488189" strokewidth="7.8740157480315" charwidth="47.244094488189" />
  <textstyle name="Dimension" height="19.6850393700787" strokewidth="0" charwidth="19.6850393700787" />
  <textstyle name="H127W0635TH00762" height="50" strokewidth="3" charwidth="25" />
  <textstyle name="H15W15TH02" height="59.0551181102362" strokewidth="7.8740157480315" charwidth="59.0551181102362" />
  <padstyle name="c405_h270" surface="False" plated="True" isvia="False" nopaste="True" nomask="True" complex="False" holesize="106.29921259842">
    <padshape layer="TOP" shape="round" width="159.44881889764" height="159.44881889764" />
    <padshape layer="TOP_SOLDER_MASK" shape="round" width="167.32283464567" height="167.32283464567" />
    <padshape layer="INNER" shape="round" width="159.44881889764" height="159.44881889764" />
    <padshape layer="BOTTOM" shape="round" width="159.44881889764" height="159.44881889764" />
    <padshape layer="BOTTOM_SOLDER_MASK" shape="round" width="167.32283464567" height="167.32283464567" />
  </padstyle>
  <footprint name="SW384" originx="0" originy="0" pickpointx="0" pickpointy="0">
    <pcbpin number="1" name="1" style="c405_h270" originx="0" originy="0" rotation="90" />
    <pcbpin number="2" name="2" style="c405_h270" originx="999.99999999999" originy="0" rotation="90" />
    <line layer="TOP_ASSEMBLY" originx="-179.13385826771" originy="-246.06299212598" endx="1179.1338582677" endy="-246.06299212598" width="7.8740157480314" />
    <line layer="TOP_ASSEMBLY" originx="1179.1338582677" originy="-246.06299212598" endx="1179.1338582677" endy="246.06299212598" width="7.8740157480314" />
    <line layer="TOP_ASSEMBLY" originx="1179.1338582677" originy="246.06299212598" endx="-179.13385826771" endy="246.06299212598" width="7.8740157480314" />
    <line layer="TOP_ASSEMBLY" originx="-179.13385826771" originy="246.06299212598" endx="-179.13385826771" endy="-246.06299212598" width="7.8740157480314" />
    <line layer="TOP_SILKSCREEN" originx="-179.13385826771" originy="246.06299212598" endx="1179.1338582677" endy="246.06299212598" width="3.9370078740157" />
    <line layer="TOP_SILKSCREEN" originx="1179.1338582677" originy="246.06299212598" endx="1179.1338582677" endy="-246.06299212598" width="3.9370078740157" />
    <line layer="TOP_SILKSCREEN" originx="1179.1338582677" originy="-246.06299212598" endx="-179.13385826771" endy="-246.06299212598" width="3.9370078740157" />
    <line layer="TOP_SILKSCREEN" originx="-179.13385826771" originy="-246.06299212598" endx="-179.13385826771" endy="246.06299212598" width="3.9370078740157" />
    <line layer="TOP_PLACE_BOUND" originx="-218.50393700787" originy="285.43307086614" endx="1218.5039370079" endy="285.43307086614" width="3.9370078740157" />
    <line layer="TOP_PLACE_BOUND" originx="1218.5039370079" originy="285.43307086614" endx="1218.5039370079" endy="-285.43307086614" width="3.9370078740157" />
    <line layer="TOP_PLACE_BOUND" originx="1218.5039370079" originy="-285.43307086614" endx="-218.50393700787" endy="-285.43307086614" width="3.9370078740157" />
    <line layer="TOP_PLACE_BOUND" originx="-218.50393700787" originy="-285.43307086614" endx="-218.50393700787" endy="285.43307086614" width="3.9370078740157" />
  </footprint>
  <symbol name="SW38-4" originx="0" originy="0">
    <line originx="200" originy="100" endx="600" endy="100" width="0" />
    <line originx="600" originy="-200" endx="600" endy="100" width="0" />
    <line originx="600" originy="-200" endx="200" endy="-200" width="0" />
    <line originx="200" originy="100" endx="200" endy="-200" width="0" />
    <sympin number="1" originx="200" originy="0" rotation="180" length="100" width="7.8740157480315" flipped="False">
      <text name="pinname" originx="230" originy="0" style="Default" rotation="0" justify="left" flipped="False" hidden="False" data="1" />
      <text name="pindes" originx="140" originy="20" style="Default" rotation="0" justify="lowerright" flipped="False" hidden="False" data="1" />
    </sympin>
    <sympin number="2" originx="200" originy="-100" rotation="180" length="100" width="7.8740157480315" flipped="False">
      <text name="pinname" originx="230" originy="-100" style="Default" rotation="0" justify="left" flipped="False" hidden="False" data="2" />
      <text name="pindes" originx="140" originy="-80" style="Default" rotation="0" justify="lowerright" flipped="False" hidden="False" data="2" />
    </sympin>
  </symbol>
  <component name="SW38-4" designatorprefix="U" height="1496.062992126" footprint="SW384">
    <comppin designator="1" sympin="1" pinswap="0" gateswap="0" gate="1" group="1" side="" type="Any" name="1" />
    <comppin designator="2" sympin="2" pinswap="0" gateswap="0" gate="1" group="1" side="" type="Any" name="2" />
    <attached_symbol gate="1" name="SW38-4" />
    <pinmap designator="1" footprintpin="1" />
    <pinmap designator="2" footprintpin="2" />
    <text name="Datasheet" originx="0" originy="0" style="Default" rotation="0" justify="" flipped="False" hidden="True" data="" />
    <text name="Description" originx="0" originy="0" style="Default" rotation="0" justify="" flipped="False" hidden="True" data="AAVID / BOYD - SW38-4 - Heat Sink, TO-220/218, 10 C/W, TO-218, TO-220, TO-247, 34.5 mm, 38 mm, 12.5 mm" />
    <text name="Farnell Part Number" originx="0" originy="0" style="Default" rotation="0" justify="" flipped="False" hidden="True" data="" />
    <text name="Farnell Price/Stock" originx="0" originy="0" style="Default" rotation="0" justify="" flipped="False" hidden="True" data="" />
    <text name="Manufacturer_Name" originx="0" originy="0" style="Default" rotation="0" justify="" flipped="False" hidden="True" data="Aavid Thermalloy" />
    <text name="Manufacturer_Part_Number" originx="650" originy="200" style="Default" rotation="0" justify="left" flipped="False" hidden="False" data="SW38-4" />
  </component>
</quadcept_library>
