<?xml version="1.0" encoding="utf-8"?>
<!--/249385/1397728/2.50/3/3/Integrated Circuit/-->
<quadcept_library>
  <setting unit="mil" />
  <textstyle name="Default" height="47.244094488189" strokewidth="7.8740157480315" charwidth="47.244094488189" />
  <textstyle name="Dimension" height="19.6850393700787" strokewidth="0" charwidth="19.6850393700787" />
  <textstyle name="H127W0635TH00762" height="50" strokewidth="3" charwidth="25" />
  <textstyle name="H15W15TH02" height="59.0551181102362" strokewidth="7.8740157480315" charwidth="59.0551181102362" />
  <padstyle name="c220_h135" surface="False" plated="True" isvia="False" nopaste="True" nomask="True" complex="False" holesize="53.149606299212">
    <padshape layer="TOP" shape="round" width="86.614173228345" height="86.614173228345" />
    <padshape layer="TOP_SOLDER_MASK" shape="round" width="94.488188976377" height="94.488188976377" />
    <padshape layer="INNER" shape="round" width="86.614173228345" height="86.614173228345" />
    <padshape layer="BOTTOM" shape="round" width="86.614173228345" height="86.614173228345" />
    <padshape layer="BOTTOM_SOLDER_MASK" shape="round" width="94.488188976377" height="94.488188976377" />
  </padstyle>
  <footprint name="LA55-P" originx="0" originy="0" pickpointx="0" pickpointy="0">
    <pcbpin number="1" name="1" style="c220_h135" originx="-1100" originy="0" rotation="90" />
    <pcbpin number="2" name="2" style="c220_h135" originx="-899.99999999999" originy="0" rotation="90" />
    <pcbpin number="3" name="3" style="c220_h135" originx="0" originy="0" rotation="90" />
    <line layer="TOP_SILKSCREEN" originx="-1440.5511811023" originy="257.87401574803" endx="340.55118110236" endy="257.87401574803" width="3.9370078740157" />
    <line layer="TOP_SILKSCREEN" originx="340.55118110236" originy="257.87401574803" endx="340.55118110236" endy="-257.87401574803" width="3.9370078740157" />
    <line layer="TOP_SILKSCREEN" originx="340.55118110236" originy="-257.87401574803" endx="-1440.5511811023" endy="-257.87401574803" width="3.9370078740157" />
    <line layer="TOP_SILKSCREEN" originx="-1440.5511811023" originy="-257.87401574803" endx="-1440.5511811023" endy="257.87401574803" width="3.9370078740157" />
    <line layer="TOP_ASSEMBLY" originx="-1440.5511811023" originy="257.87401574803" endx="340.55118110236" endy="257.87401574803" width="3.9370078740157" />
    <line layer="TOP_ASSEMBLY" originx="340.55118110236" originy="257.87401574803" endx="340.55118110236" endy="-257.87401574803" width="3.9370078740157" />
    <line layer="TOP_ASSEMBLY" originx="340.55118110236" originy="-257.87401574803" endx="-1440.5511811023" endy="-257.87401574803" width="3.9370078740157" />
    <line layer="TOP_ASSEMBLY" originx="-1440.5511811023" originy="-257.87401574803" endx="-1440.5511811023" endy="257.87401574803" width="3.9370078740157" />
  </footprint>
  <symbol name="LA_55-P" originx="0" originy="0">
    <line originx="200" originy="100" endx="700" endy="100" width="0" />
    <line originx="700" originy="-300" endx="700" endy="100" width="0" />
    <line originx="700" originy="-300" endx="200" endy="-300" width="0" />
    <line originx="200" originy="100" endx="200" endy="-300" width="0" />
    <sympin number="1" originx="200" originy="0" rotation="180" length="100" width="7.8740157480315" flipped="False">
      <text name="pinname" originx="230" originy="0" style="Default" rotation="0" justify="left" flipped="False" hidden="False" data="M" />
      <text name="pindes" originx="140" originy="20" style="Default" rotation="0" justify="lowerright" flipped="False" hidden="False" data="1" />
    </sympin>
    <sympin number="2" originx="200" originy="-100" rotation="180" length="100" width="7.8740157480315" flipped="False">
      <text name="pinname" originx="230" originy="-100" style="Default" rotation="0" justify="left" flipped="False" hidden="False" data="NEG" />
      <text name="pindes" originx="140" originy="-80" style="Default" rotation="0" justify="lowerright" flipped="False" hidden="False" data="2" />
    </sympin>
    <sympin number="3" originx="200" originy="-200" rotation="180" length="100" width="7.8740157480315" flipped="False">
      <text name="pinname" originx="230" originy="-200" style="Default" rotation="0" justify="left" flipped="False" hidden="False" data="POS" />
      <text name="pindes" originx="140" originy="-180" style="Default" rotation="0" justify="lowerright" flipped="False" hidden="False" data="3" />
    </sympin>
  </symbol>
  <component name="LA_55-P" designatorprefix="IC" height="0" footprint="LA55-P">
    <comppin designator="1" sympin="1" pinswap="0" gateswap="0" gate="1" group="1" side="" type="Any" name="M" />
    <comppin designator="2" sympin="2" pinswap="0" gateswap="0" gate="1" group="1" side="" type="Any" name="NEG" />
    <comppin designator="3" sympin="3" pinswap="0" gateswap="0" gate="1" group="1" side="" type="Any" name="POS" />
    <attached_symbol gate="1" name="LA_55-P" />
    <pinmap designator="1" footprintpin="1" />
    <pinmap designator="2" footprintpin="2" />
    <pinmap designator="3" footprintpin="3" />
    <text name="Datasheet" originx="0" originy="0" style="Default" rotation="0" justify="" flipped="False" hidden="True" data="https://datasheet.datasheetarchive.com/originals/distributors/Datasheets-16/DSA-314841.pdf" />
    <text name="Description" originx="0" originy="0" style="Default" rotation="0" justify="" flipped="False" hidden="True" data="Closed Loop Hall Effect Current Transducer, 0 to 70 A, 12 to 15 V" />
    <text name="Farnell Part Number" originx="0" originy="0" style="Default" rotation="0" justify="" flipped="False" hidden="True" data="" />
    <text name="Farnell Price/Stock" originx="0" originy="0" style="Default" rotation="0" justify="" flipped="False" hidden="True" data="" />
    <text name="Manufacturer_Name" originx="0" originy="0" style="Default" rotation="0" justify="" flipped="False" hidden="True" data="LEM" />
    <text name="Manufacturer_Part_Number" originx="750" originy="200" style="Default" rotation="0" justify="left" flipped="False" hidden="False" data="LA 55-P" />
  </component>
</quadcept_library>
