<?xml version="1.0" encoding="utf-8"?>
<!--/360499/1337878/2.50/3/4/Undefined or Miscellaneous/-->
<quadcept_library>
  <setting unit="mil" />
  <textstyle name="Default" height="47.244094488189" strokewidth="7.8740157480315" charwidth="47.244094488189" />
  <textstyle name="Dimension" height="19.6850393700787" strokewidth="0" charwidth="19.6850393700787" />
  <textstyle name="H127W0635TH00762" height="50" strokewidth="3" charwidth="25" />
  <textstyle name="H15W15TH02" height="59.0551181102362" strokewidth="7.8740157480315" charwidth="59.0551181102362" />
  <padstyle name="c207_h138" surface="False" plated="True" isvia="False" nopaste="True" nomask="True" complex="False" holesize="54.330708661417">
    <padshape layer="TOP" shape="round" width="81.496062992125" height="81.496062992125" />
    <padshape layer="TOP_SOLDER_MASK" shape="round" width="89.370078740156" height="89.370078740156" />
    <padshape layer="INNER" shape="round" width="81.496062992125" height="81.496062992125" />
    <padshape layer="BOTTOM" shape="round" width="81.496062992125" height="81.496062992125" />
    <padshape layer="BOTTOM_SOLDER_MASK" shape="round" width="89.370078740156" height="89.370078740156" />
  </padstyle>
  <padstyle name="s207_h138" surface="False" plated="True" isvia="False" nopaste="True" nomask="True" complex="False" holesize="54.330708661417">
    <padshape layer="TOP" shape="square" width="81.496062992125" height="81.496062992125" />
    <padshape layer="TOP_SOLDER_MASK" shape="square" width="89.370078740156" height="89.370078740156" />
    <padshape layer="INNER" shape="round" width="81.496062992125" height="81.496062992125" />
    <padshape layer="BOTTOM" shape="square" width="81.496062992125" height="81.496062992125" />
    <padshape layer="BOTTOM_SOLDER_MASK" shape="square" width="89.370078740156" height="89.370078740156" />
  </padstyle>
  <footprint name="TO254P483X1016X1994-3P" originx="0" originy="0" pickpointx="0" pickpointy="0">
    <pcbpin number="1" name="1" style="s207_h138" originx="0" originy="0" rotation="90" />
    <pcbpin number="2" name="2" style="c207_h138" originx="99.999999999999" originy="0" rotation="90" />
    <pcbpin number="3" name="3" style="c207_h138" originx="200" originy="0" rotation="90" />
    <line layer="TOP_PLACE_BOUND" originx="-119.88188976378" originy="136.81102362205" endx="319.88188976378" endy="136.81102362205" width="1.9685039370079" />
    <line layer="TOP_PLACE_BOUND" originx="319.88188976378" originy="136.81102362205" endx="319.88188976378" endy="-73.031496062991" width="1.9685039370079" />
    <line layer="TOP_PLACE_BOUND" originx="319.88188976378" originy="-73.031496062991" endx="-119.88188976378" endy="-73.031496062991" width="1.9685039370079" />
    <line layer="TOP_PLACE_BOUND" originx="-119.88188976378" originy="-73.031496062991" endx="-119.88188976378" endy="136.81102362205" width="1.9685039370079" />
    <line layer="TOP_ASSEMBLY" originx="-110.03937007874" originy="126.96850393701" endx="310.03937007874" endy="126.96850393701" width="3.9370078740157" />
    <line layer="TOP_ASSEMBLY" originx="310.03937007874" originy="126.96850393701" endx="310.03937007874" endy="-63.188976377952" width="3.9370078740157" />
    <line layer="TOP_ASSEMBLY" originx="310.03937007874" originy="-63.188976377952" endx="-110.03937007874" endy="-63.188976377952" width="3.9370078740157" />
    <line layer="TOP_ASSEMBLY" originx="-110.03937007874" originy="-63.188976377952" endx="-110.03937007874" endy="126.96850393701" width="3.9370078740157" />
    <line layer="TOP_ASSEMBLY" originx="-110.03937007874" originy="76.968503937007" endx="-60.039370078739" endy="126.96850393701" width="3.9370078740157" />
    <line layer="TOP_SILKSCREEN" originx="310.03937007874" originy="-63.188976377952" endx="310.03937007874" endy="126.96850393701" width="7.8740157480314" />
    <line layer="TOP_SILKSCREEN" originx="310.03937007874" originy="126.96850393701" endx="-110.03937007874" endy="126.96850393701" width="7.8740157480314" />
    <line layer="TOP_SILKSCREEN" originx="-110.03937007874" originy="126.96850393701" endx="-110.03937007874" endy="0" width="7.8740157480314" />
  </footprint>
  <symbol name="IRF640NPBF" originx="0" originy="0">
    <line originx="200" originy="100" endx="800" endy="100" width="0" />
    <line originx="800" originy="-300" endx="800" endy="100" width="0" />
    <line originx="800" originy="-300" endx="200" endy="-300" width="0" />
    <line originx="200" originy="100" endx="200" endy="-300" width="0" />
    <sympin number="1" originx="200" originy="0" rotation="180" length="100" width="7.8740157480315" flipped="False">
      <text name="pinname" originx="230" originy="0" style="Default" rotation="0" justify="left" flipped="False" hidden="False" data="GATE" />
      <text name="pindes" originx="140" originy="20" style="Default" rotation="0" justify="lowerright" flipped="False" hidden="False" data="1" />
    </sympin>
    <sympin number="2" originx="200" originy="-100" rotation="180" length="100" width="7.8740157480315" flipped="False">
      <text name="pinname" originx="230" originy="-100" style="Default" rotation="0" justify="left" flipped="False" hidden="False" data="SOURCE" />
      <text name="pindes" originx="140" originy="-80" style="Default" rotation="0" justify="lowerright" flipped="False" hidden="False" data="2" />
    </sympin>
    <sympin number="3" originx="200" originy="-200" rotation="180" length="100" width="7.8740157480315" flipped="False">
      <text name="pinname" originx="230" originy="-200" style="Default" rotation="0" justify="left" flipped="False" hidden="False" data="DRAIN" />
      <text name="pindes" originx="140" originy="-180" style="Default" rotation="0" justify="lowerright" flipped="False" hidden="False" data="3" />
    </sympin>
  </symbol>
  <component name="IRF640NPBF" designatorprefix="U" height="190.15748031496" footprint="TO254P483X1016X1994-3P">
    <comppin designator="1" sympin="1" pinswap="0" gateswap="0" gate="1" group="1" side="" type="Any" name="GATE" />
    <comppin designator="2" sympin="2" pinswap="0" gateswap="0" gate="1" group="1" side="" type="Any" name="SOURCE" />
    <comppin designator="3" sympin="3" pinswap="0" gateswap="0" gate="1" group="1" side="" type="Any" name="DRAIN" />
    <attached_symbol gate="1" name="IRF640NPBF" />
    <pinmap designator="1" footprintpin="1" />
    <pinmap designator="2" footprintpin="2" />
    <pinmap designator="3" footprintpin="3" />
    <text name="Datasheet" originx="0" originy="0" style="Default" rotation="0" justify="" flipped="False" hidden="True" data="https://componentsearchengine.com/Datasheets/2/IRF640NPBF.pdf" />
    <text name="Description" originx="0" originy="0" style="Default" rotation="0" justify="" flipped="False" hidden="True" data="MOSFET N-Channel 200V 18A TO220AB Infineon IRF640NPBF N-channel MOSFET Transistor, 18 A, 200 V, 3-Pin TO-220AB" />
    <text name="Farnell Part Number" originx="0" originy="0" style="Default" rotation="0" justify="" flipped="False" hidden="True" data="" />
    <text name="Farnell Price/Stock" originx="0" originy="0" style="Default" rotation="0" justify="" flipped="False" hidden="True" data="" />
    <text name="Manufacturer_Name" originx="0" originy="0" style="Default" rotation="0" justify="" flipped="False" hidden="True" data="Infineon" />
    <text name="Manufacturer_Part_Number" originx="850" originy="200" style="Default" rotation="0" justify="left" flipped="False" hidden="False" data="IRF640NPBF" />
  </component>
</quadcept_library>
